Disease,Category
Acute Coronary Syndrome,Cardiovascular
Adrenal Insufficiency,Renal
Alzheimer,Neurological
Aortic Dissection,Cardiovascular
Asthma,Respiratory
Atrial Fibrillation,Cardiovascular
Cardiomyopathy,Cardiovascular
COPD,Respiratory
Diabetes,Endocrine
Epilepsy,Neurological
Gastritis,Gastrointestinal
Gastro-oesophageal Reflux Disease,Gastrointestinal
Heart Failure,Cardiovascular
Hyperlipidemia,Other
Hypertension,Cardiovascular
Migraine,Neurological
Multiple Sclerosis,Neurological
Peptic Ulcer Disease,Gastrointestinal
Pituitary Disease,Other
Pneumonia,Respiratory
Pulmonary Embolism,Other
Stroke,Neurological
Thyroid Disease,Other
Tuberculosis,Infectious
Upper Gastrointestinal Bleeding,Gastrointestinal
